Image,PSNR_R,PSNR_G,PSNR_B,PSNR_All,SSIM
kodim19.png,38.41503219624714,43.40192109394451,38.893468670217885,40.23680732013651,0.9844928515418294
